{"cameraMode":{"drawMode":0,"name":"Shaded","section":"Shading Mode"},"sceneLighting":false,"audioPlay":false,"sceneViewState":{"m_AlwaysRefresh":false,"showFog":true,"showSkybox":false,"showFlares":true,"showImageEffects":true,"showParticleSystems":true,"showVisualEffectGraphs":true,"m_FxEnabled":true},"in2DMode":false,"pivot":{"x":1.7881393432617188e-7,"y":1.3602890968322755,"z":18.29378890991211},"rotation":{"x":-0.2694292366504669,"y":0.058314334601163867,"z":-0.016342883929610254,"w":-0.9611285924911499},"size":1.205249309539795,"orthographic":false}