{"cameraMode":{"drawMode":0,"name":"Shaded","section":"Shading Mode"},"sceneLighting":false,"audioPlay":false,"sceneViewState":{"m_AlwaysRefresh":false,"showFog":true,"showSkybox":false,"showFlares":true,"showImageEffects":true,"showParticleSystems":true,"showVisualEffectGraphs":true,"m_FxEnabled":true},"in2DMode":false,"pivot":{"x":1.7881393432617188e-7,"y":0.8602890968322754,"z":-0.1626042127609253},"rotation":{"x":-0.22026997804641725,"y":0.04299850016832352,"z":-0.009719135239720345,"w":-0.9744472503662109},"size":1.8665647506713868,"orthographic":false}