{"cameraMode":{"drawMode":0,"name":"Shaded","section":"Shading Mode"},"sceneLighting":false,"audioPlay":false,"sceneViewState":{"m_AlwaysRefresh":false,"showFog":true,"showSkybox":false,"showFlares":true,"showImageEffects":true,"showParticleSystems":true,"showVisualEffectGraphs":true,"m_FxEnabled":true},"in2DMode":false,"pivot":{"x":-9.058722496032715,"y":6.7888031005859379,"z":172.37322998046876},"rotation":{"x":-0.11219745874404907,"y":0.08098960667848587,"z":-0.009171885438263417,"w":-0.9903448820114136},"size":177.70484924316407,"orthographic":false}