{"cameraMode":{"drawMode":0,"name":"Shaded","section":"Shading Mode"},"sceneLighting":false,"audioPlay":false,"sceneViewState":{"m_AlwaysRefresh":false,"showFog":true,"showSkybox":false,"showFlares":true,"showImageEffects":true,"showParticleSystems":true,"showVisualEffectGraphs":true,"m_FxEnabled":true},"in2DMode":false,"pivot":{"x":0.6142212152481079,"y":6.795000076293945,"z":109.62095642089844},"rotation":{"x":0.04829086363315582,"y":-0.000004977481239620829,"z":3.06174769093559e-7,"w":0.998833954334259},"size":7.000001430511475,"orthographic":false}