{"cameraMode":{"drawMode":0,"name":"Shaded","section":"Shading Mode"},"sceneLighting":false,"audioPlay":false,"sceneViewState":{"m_AlwaysRefresh":false,"showFog":true,"showSkybox":false,"showFlares":true,"showImageEffects":true,"showParticleSystems":true,"showVisualEffectGraphs":true,"m_FxEnabled":true},"in2DMode":false,"pivot":{"x":-0.03598141670227051,"y":1.4749677181243897,"z":0.10109281539916992},"rotation":{"x":0.008850823156535626,"y":0.9909283518791199,"z":-0.10474181175231934,"w":0.08373470604419708},"size":3.4851138591766359,"orthographic":false}