{"cameraMode":{"drawMode":0,"name":"Shaded","section":"Shading Mode"},"sceneLighting":false,"audioPlay":false,"sceneViewState":{"m_AlwaysRefresh":false,"showFog":true,"showSkybox":false,"showFlares":true,"showImageEffects":true,"showParticleSystems":true,"showVisualEffectGraphs":true,"m_FxEnabled":true},"in2DMode":false,"pivot":{"x":0.619199812412262,"y":2.6985812187194826,"z":11.049321174621582},"rotation":{"x":0.013179318979382515,"y":-0.03988908231258392,"z":-0.0005228313384577632,"w":-0.9991243481636047},"size":4.049319267272949,"orthographic":false}