{"cameraMode":{"drawMode":0,"name":"Shaded","section":"Shading Mode"},"sceneLighting":false,"audioPlay":false,"sceneViewState":{"m_AlwaysRefresh":false,"showFog":true,"showSkybox":false,"showFlares":true,"showImageEffects":true,"showParticleSystems":true,"showVisualEffectGraphs":true,"m_FxEnabled":true},"in2DMode":false,"pivot":{"x":0.014000087976455689,"y":-0.15189075469970704,"z":1.5658904314041138},"rotation":{"x":-0.09171558916568756,"y":-0.5068559646606445,"z":0.0543452724814415,"w":-0.8554219007492065},"size":1.625474452972412,"orthographic":false}