{"cameraMode":{"drawMode":0,"name":"Shaded","section":"Shading Mode"},"sceneLighting":false,"audioPlay":false,"sceneViewState":{"m_AlwaysRefresh":false,"showFog":true,"showSkybox":false,"showFlares":true,"showImageEffects":true,"showParticleSystems":true,"showVisualEffectGraphs":true,"m_FxEnabled":true},"in2DMode":false,"pivot":{"x":-0.09999984502792359,"y":1.2986066341400147,"z":8.149999618530274},"rotation":{"x":0.0649859830737114,"y":0.19480423629283906,"z":-0.012936325743794442,"w":0.9786019921302795},"size":1.219359040260315,"orthographic":false}