{"cameraMode":{"drawMode":0,"name":"Shaded","section":"Shading Mode"},"sceneLighting":true,"audioPlay":false,"sceneViewState":{"m_AlwaysRefresh":false,"showFog":true,"showSkybox":true,"showFlares":true,"showImageEffects":true,"showParticleSystems":true,"showVisualEffectGraphs":true,"m_FxEnabled":true},"in2DMode":false,"pivot":{"x":0.00000286102294921875,"y":2.6168768405914308,"z":0.23594623804092408},"rotation":{"x":-0.3146258294582367,"y":0.21308892965316773,"z":-0.07270457595586777,"w":-0.9221289157867432},"size":4.586522102355957,"orthographic":false}