{"cameraMode":{"drawMode":0,"name":"Shaded","section":"Shading Mode"},"sceneLighting":true,"audioPlay":false,"sceneViewState":{"m_AlwaysRefresh":false,"showFog":true,"showSkybox":true,"showFlares":true,"showImageEffects":true,"showParticleSystems":true,"showVisualEffectGraphs":true,"m_FxEnabled":true},"in2DMode":false,"pivot":{"x":-0.8905858993530273,"y":-7.989063262939453,"z":264.31781005859377},"rotation":{"x":-0.2333431988954544,"y":0.04869208112359047,"z":-0.011697701178491116,"w":-0.9711260199546814},"size":31.751739501953126,"orthographic":false}