{"cameraMode":{"drawMode":0,"name":"Shaded","section":"Shading Mode"},"sceneLighting":true,"audioPlay":false,"sceneViewState":{"m_AlwaysRefresh":false,"showFog":true,"showSkybox":true,"showFlares":true,"showImageEffects":true,"showParticleSystems":true,"showVisualEffectGraphs":true,"m_FxEnabled":true},"in2DMode":false,"pivot":{"x":-3.272489070892334,"y":-3.7971763610839845,"z":67.23664093017578},"rotation":{"x":-0.24985194206237794,"y":0.09624858945608139,"z":-0.024964015930891038,"w":-0.9631738662719727},"size":22.29901885986328,"orthographic":false}