{"cameraMode":{"drawMode":0,"name":"Shaded","section":"Shading Mode"},"sceneLighting":false,"audioPlay":false,"sceneViewState":{"m_AlwaysRefresh":false,"showFog":true,"showSkybox":false,"showFlares":true,"showImageEffects":true,"showParticleSystems":true,"showVisualEffectGraphs":true,"m_FxEnabled":true},"in2DMode":false,"pivot":{"x":1.7243356704711915,"y":1.7294607162475587,"z":239.55783081054688},"rotation":{"x":-0.17906741797924043,"y":-0.05398537963628769,"z":0.009845648892223835,"w":-0.9823204278945923},"size":6.801563739776611,"orthographic":false}